observation_date,TLRESCONS
2002-01-01,382979
2002-02-01,391434
2002-03-01,390942
2002-04-01,404255
2002-05-01,399164
2002-06-01,407305
2002-07-01,410171
2002-08-01,404055
2002-09-01,400059
2002-10-01,402091
2002-11-01,406609
2002-12-01,416844
2003-01-01,423049
2003-02-01,422705
2003-03-01,418232
2003-04-01,425493
2003-05-01,426270
2003-06-01,436163
2003-07-01,454040
2003-08-01,458676
2003-09-01,463954
2003-10-01,475234
2003-11-01,490441
2003-12-01,508637
2004-01-01,503659
2004-02-01,505081
2004-03-01,511829
2004-04-01,517912
2004-05-01,528180
2004-06-01,533358
2004-07-01,549031
2004-08-01,557411
2004-09-01,552375
2004-10-01,556425
2004-11-01,555944
2004-12-01,571871
2005-01-01,581168
2005-02-01,594003
2005-03-01,597200
2005-04-01,603975
2005-05-01,609170
2005-06-01,622726
2005-07-01,634572
2005-08-01,639501
2005-09-01,652748
2005-10-01,664407
2005-11-01,670757
2005-12-01,676135
2006-01-01,681263
2006-02-01,684482
2006-03-01,674457
2006-04-01,656899
2006-05-01,640049
2006-06-01,621219
2006-07-01,604020
2006-08-01,590189
2006-09-01,579753
2006-10-01,567752
2006-11-01,555299
2006-12-01,551740
2007-01-01,544096
2007-02-01,538260
2007-03-01,534655
2007-04-01,530749
2007-05-01,521499
2007-06-01,513524
2007-07-01,503486
2007-08-01,488816
2007-09-01,472995
2007-10-01,455045
2007-11-01,439144
2007-12-01,423699
2008-01-01,409420
2008-02-01,393193
2008-03-01,397469
2008-04-01,392801
2008-05-01,389335
2008-06-01,382000
2008-07-01,372755
2008-08-01,360382
2008-09-01,348206
2008-10-01,336824
2008-11-01,320284
2008-12-01,301332
2009-01-01,291523
2009-02-01,276113
2009-03-01,262528
2009-04-01,251235
2009-05-01,244399
2009-06-01,245226
2009-07-01,252642
2009-08-01,258774
2009-09-01,262509
2009-10-01,263232
2009-11-01,263973
2009-12-01,264592
2010-01-01,263680
2010-02-01,263649
2010-03-01,263220
2010-04-01,264593
2010-05-01,263020
2010-06-01,261202
2010-07-01,254964
2010-08-01,249367
2010-09-01,249015
2010-10-01,247981
2010-11-01,248808
2010-12-01,248929
2011-01-01,250965
2011-02-01,249760
2011-03-01,251180
2011-04-01,253897
2011-05-01,254629
2011-06-01,256286
2011-07-01,257737
2011-08-01,259960
2011-09-01,258293
2011-10-01,260305
2011-11-01,254401
2011-12-01,255090
2012-01-01,259223
2012-02-01,254120
2012-03-01,258662
2012-04-01,265032
2012-05-01,269833
2012-06-01,275699
2012-07-01,279707
2012-08-01,285467
2012-09-01,292076
2012-10-01,300200
2012-11-01,302823
2012-12-01,305105
2013-01-01,309893
2013-02-01,314633
2013-03-01,318708
2013-04-01,322768
2013-05-01,327919
2013-06-01,330608
2013-07-01,334273
2013-08-01,341543
2013-09-01,345327
2013-10-01,351749
2013-11-01,358973
2013-12-01,366094
2014-01-01,373352
2014-02-01,368792
2014-03-01,374228
2014-04-01,380061
2014-05-01,381415
2014-06-01,377648
2014-07-01,377696
2014-08-01,377992
2014-09-01,387364
2014-10-01,391415
2014-11-01,396871
2014-12-01,406913
2015-01-01,412410
2015-02-01,417214
2015-03-01,417610
2015-04-01,423031
2015-05-01,430946
2015-06-01,439934
2015-07-01,446395
2015-08-01,446045
2015-09-01,454657
2015-10-01,454849
2015-11-01,453590
2015-12-01,459296
2016-01-01,462747
2016-02-01,468727
2016-03-01,475918
2016-04-01,474750
2016-05-01,475303
2016-06-01,480899
2016-07-01,483205
2016-08-01,487744
2016-09-01,489380
2016-10-01,503719
2016-11-01,511582
2016-12-01,519253
2017-01-01,518603
2017-02-01,538752
2017-03-01,534744
2017-04-01,539830
2017-05-01,542997
2017-06-01,542676
2017-07-01,547770
2017-08-01,548235
2017-09-01,550999
2017-10-01,545186
2017-11-01,568909
2017-12-01,572747
2018-01-01,579266
2018-02-01,583678
2018-03-01,578385
2018-04-01,579142
2018-05-01,583268
2018-06-01,574430
2018-07-01,565340
2018-08-01,555228
2018-09-01,556813
2018-10-01,546731
2018-11-01,544976
2018-12-01,524548
2019-01-01,524021
2019-02-01,522528
2019-03-01,523060
2019-04-01,527886
2019-05-01,535168
2019-06-01,547132
2019-07-01,559020
2019-08-01,566467
2019-09-01,571774
2019-10-01,578377
2019-11-01,588356
2019-12-01,594343
2020-01-01,606865
2020-02-01,615730
2020-03-01,624159
2020-04-01,603115
2020-05-01,593736
2020-06-01,599249
2020-07-01,620266
2020-08-01,651042
2020-09-01,673737
2020-10-01,696270
2020-11-01,714207
2020-12-01,735727
2021-01-01,756380
2021-02-01,746026
2021-03-01,764767
2021-04-01,776307
2021-05-01,790176
2021-06-01,800589
2021-07-01,817080
2021-08-01,821571
2021-09-01,831778
2021-10-01,843194
2021-11-01,867312
2021-12-01,895699
2022-01-01,923595
2022-02-01,944418
2022-03-01,963823
2022-04-01,974556
2022-05-01,988269
2022-06-01,964347
2022-07-01,942248
2022-08-01,926427
2022-09-01,909346
2022-10-01,898393
2022-11-01,882720
2022-12-01,871124
2023-01-01,863557
2023-02-01,859624
2023-03-01,853359
2023-04-01,854124
2023-05-01,871099
2023-06-01,878384
2023-07-01,892997
2023-08-01,893316
2023-09-01,897219
2023-10-01,897269
2023-11-01,902002
2023-12-01,904580
2024-01-01,912796
2024-02-01,925821
2024-03-01,919502
2024-04-01,947059
2024-05-01,963902
2024-06-01,952517
2024-07-01,946982
2024-08-01,943874
2024-09-01,938409
2024-10-01,937550
2024-11-01,935625
2024-12-01,939734
2025-01-01,923551
2025-02-01,920572
2025-03-01,909661
2025-04-01,906503
2025-05-01,903854
2025-06-01,913515
2025-07-01,919504
2025-08-01,928293
2025-09-01,915464
2025-10-01,914999
2025-11-01,929674
2025-12-01,971295
2026-01-01,927464
2026-02-01,909596
2026-03-01,914948
2026-04-01,922037
